零售运营总监,六町目服饰连锁,广州-番禺区,2.5-3万/月,07-25
天猫运营总监,广州米橙科技有限公司,广州-南沙区,2.5-3万/月,07-25
运营总监助理 社保+奖金+包吃+地铁附近 晋升空间大,广州天成经贸有限公司,广州-白云区,4-8千/月,07-25
新媒体运营总监,广州睿姿生物科技有限公司,广州-天河区,0.8-2万/月,07-25
市场运营总监,广州亿联百汇科技有限公司,广州-白云区,1-1.5万/月,07-25
运营总监,润农（广州）生态农业科技有限公司...,广州,1-2万/月,07-25
直播运营总监,广州市班西贸易有限公司,广州-白云区,1.5-2.5万/月,07-25
运营总监执行助理,合一创新投资（广州）有限公司,广州-天河区,0.5-1万/月,07-25
运营总监助理（sp007）,广州恋上文化传播有限公司,广州-天河区,7-8千/月,07-25
电商运营总监,广东海薇日用品连锁有限公司,广州-白云区,1.5-2万/月,07-25
电商运营总监,广州沛尚首饰有限公司,广州,1.5-3万/月,07-25
电商运营总监,佛山市正点科技信息有限公司,广州-海珠区,2.5-3万/月,07-25
线上教育运营总监,广东优普道信息科技有限公司,广州-番禺区,1.5-3万/月,07-25
运营总监,广州市芊贝雪服饰有限公司,广州-海珠区,1-2.5万/月,07-25
电商运营总监（高薪+五险一金）,广州榴冠王贸易有限公司,广州-番禺区,30-40万/年,07-25
市场运营总监,广东筑宾健康产业有限公司,广州-越秀区,1-1.5万/月,07-25
电商运营总监,广东博纳控股有限公司,广州-天河区,1-1.5万/月,07-25
运营总监（医疗互联网）,广州默尼医疗技术有限公司,广州,2.5-5万/月,07-25
电商运营总监,广州市蒲金精细化工有限公司,广州-白云区,1-1.5万/月,07-25
新媒体运营总监（金融咨询项目）,璞菲森咨询（广州）有限公司,广州-越秀区,1.5-2万/月,07-25
产品运营总监,广州爆裂科技有限公司,广州-海珠区,1.5-2.5万/月,07-25
电商运营总监（股权期权）,广州乐芙信息科技有限公司,广州-天河区,3-5万/月,07-25
电商运营总监/副总监,DoctorLi李医生电商事业部,广州-天河区,1.5-3.5万/月,07-25
电商运营总监,广州源点电子商务有限公司,广州-白云区,1.5-2万/月,07-25
运营总监,兆辉信息科技（广州）有限责任公司...,异地招聘,4-5万/月,07-25
美团运营总监,尹氏天�\集团有限公司,广州-越秀区,1-1.5万/月,07-25
电商运营总监,广州清碧化妆品有限公司,广州,0.6-1.5万/月,07-25
电商运营总监,广州金麒翔商贸有限公司,广州-天河区,2.5-3.5万/月,07-25
亚马逊运营总监（服装品牌项目）,婕��（香港）��子商�沼邢薰�司,广州-越秀区,2-2.5万/月,07-25
电商运营总监,广东逢春制药有限公司,广州-番禺区,1-2万/月,07-25
运营总监,广东医么网络科技有限公司,广州-海珠区,1.5-2万/月,07-25
跨境电商运营总监,青为国际贸易（广州）有限公司,广州-白云区,2-10万/月,07-25
APP运营总监,广州玖的数码科技有限公司,广州-天河区,0.5-1万/月,07-25
天猫运营总监（美妆类目）,广州迪爱化妆品有限公司,广州-白云区,1.5-3万/月,07-25
皮肤科运营总监,广州博研医疗美容门诊部有限公司,异地招聘,2.5-3万/月,07-25
品牌运营总监,小蝌蚪众创电商科技（广州）有限公...,广州-白云区,2-3万/月,07-25
新媒体运营总监,广州市惠邦信息科技有限公司,广州-天河区,1.5-2万/月,07-25
运营总监,珠江影业传媒股份有限公司,广州-越秀区,15-20万/年,07-25
电商运营总监,广州市澳源科技集团有限公司,广州-番禺区,1-2万/月,07-25
社群运营总监,广州快兔物流科技有限公司,广州-天河区,2.5-3万/月,07-25
企业家俱乐部运营总监,广东中信盈创科技研究院有限公司,异地招聘,1-1.5万/月,07-25
电商运营总监/经理,广州东奥电气有限公司,广州,1-1.5万/月,07-25
电商运营总监,广州市肌肤秘钥生物科技有限公司,广州-番禺区,1.5-3万/月,07-25
地产运营总监,广铝集团有限公司,广州,3-4万/月,07-25
运营总监,广州禾木文化有限公司,广州-越秀区,0.8-2万/月,07-25
门户网站平台运营总监,佛山市赛羽极限运动用品有限公司,异地招聘,30-40万/年,07-25
运营总监/经理,广州彩猫网络科技有限公司,广州-番禺区,1.5-3万/月,07-25
运营总监、合伙人,正溢（广州）税务师事务所（普通合...,广州-番禺区,10-40万/年,07-25
品牌运营总监,广东晟田医药科技集团有限公司,广州-黄埔区,1.5-2万/月,07-25
运营总监,广东美邦控股集团股份有限公司,广州-花都区,1-1.2万/月,07-25
淘宝店长/电商运营总监,广州市绿伴电子商务有限公司,异地招聘,0.8-1.2万/月,07-25
跨境电商运营总监,广州毕思特科技有限公司,广州-番禺区,1.5-2万/月,07-25
社交电商运营总监,广州市水汇坊服饰有限公司,广州-天河区,2-2.5万/月,07-25
淘宝天猫运营总监,广州联帮电子商务有限公司,广州-白云区,0.6-3万/月,07-25
物流总监/运营总监,广州丰乔物流有限公司,广州-白云区,1.2-1.8万/月,07-25
互联网公司运营总监,广州市金人投资管理有限公司,广州-天河区,2-2.5万/月,07-25
新媒体运营总监,广州市张晓岚广告有限公司,广州-天河区,2-3万/月,07-25
亚马逊运营经理/亚马逊运营总监/亚马逊运营主管,广州宏昕实业有限公司,广州-白云区,1-1.5万/月,07-25
运营总监,广州丰得利实业公司,广州,0.8-2万/月,07-25
法务兼任运营总监助理,广州广之旅海外咨询服务有限公司,广州-天河区,6-9千/月,07-25
电商运营总监（珠宝首饰类）,广州华锦信息技术有限公司,广州-天河区,30-40万/年,07-25
运营总监,广州航全电子科技有限公司,广州-番禺区,10-15万/年,07-25
运营经理/运营总监（会员CRM方向）,广东英朗信息技术有限公司,广州-越秀区,0.8-2万/月,07-25
运营总监,广州秉逢生物科技有限公司,广州-增城区,0.8-2.5万/月,07-25
电商运营总监,字节跳动,广州,4-7万/月,07-25
运营总监,广州云趣信息科技有限公司,广州-天河区,20-30万/年,07-25
天猫运营总监,广东顺和恒生物科技有限公司,广州,1.5-2万/月,07-25
电商运营总监/项目负责人,广州市万青年电子商务有限公司,广州-海珠区,20-40万/年,07-25
社群运营总监,广州头道惠网络科技有限公司,广州-番禺区,1-1.5万/月,07-25
市场运营总监,广州龙之韵舞蹈有限公司,广州-番禺区,1-1.5万/月,07-25
客户运营总监,广州市缨格轮贸易有限公司,广州-天河区,2.5-3万/月,07-25
亚马逊运营总监,广州川步电子技术有限公司,广州-天河区,2-3万/月,07-25
运营总监,广州通易科技有限公司,广州,1.5-2万/月,07-25
运营总监,领悟中国精准健康守护工程广东工程...,异地招聘,2-10万/月,07-25
集团运营总监,广州天河区洛萱医疗美容门诊有限公...,广州-天河区,3-4万/月,07-25
运营总监,广州吉宏园艺有限公司,异地招聘,0.8-1万/月,07-25
运营总监（产康运营总经理）,广州康贝乐生物科技有限公司,广州-白云区,40-50万/年,07-25
电商运营总监（美妆）,广州熙研生物科技有限公司,广州-白云区,1-5万/月,07-25
公众号运营总监（名膜壹号）,广州无添加主义化妆品有限公司,广州-天河区,1.5-2万/月,07-25
高薪聘请市场运营总监,广州唯学科技有限公司,广州-天河区,1-1.5万/月,07-25
运营总监私人助理,广东华宝矿机有限公司,广州-天河区,0.6-1万/月,07-25
运营总监,乐怡海创文化科技（广东）有限公司...,异地招聘,0.8-1万/月,07-25
电商运营总监,广州风驰电子科技有限公司,广州-番禺区,30-60万/年,07-25
生产运营总监,广州康普顿至高建材有限公司,广州,1.5-2.5万/月,07-25
高薪电商运营总监,广州野鹰电子科技有限公司,广州-白云区,2-3万/月,07-25
化妆品电商运营总监,广州市追梦生物科技有限公司,广州-白云区,1-1.5万/月,07-25
渠道运营总监,广东金品汇商业有限公司,广州-白云区,2-3万/月,07-25
新媒体运营总监,广东石榴王网络科技有限公司,广州-番禺区,2-2.5万/月,07-25
销售运营总监,广东星林家具有限公司,广州-白云区,1-1.5万/月,07-25
阿里/淘宝/天猫运营总监,广州合家健康管理有限公司,广州-越秀区,0.6-3万/月,07-25
运营总监,广州童程创客教育科技有限公司,广州-天河区,2.5-3万/月,07-25
品牌运营总监,广东双瀛品牌运营管理有限公司,广州-番禺区,40-50万/年,07-25
直播运营总监,广州逸仙电子商务有限公司,广州-海珠区,50-80万/年,07-25
运营总监一万五-两万社保,广州瑞橡贸易有限公司,广州-白云区,1.5-2万/月,07-25
新零售运营总监/经理,广州市李田贸易有限公司,广州-海珠区,1.2-1.8万/月,07-25
电商运营总监/网络运营总监（高薪+周末双休）,广州江水清智能科技有限公司,广州-天河区,1.2-2.5万/月,07-25
天猫运营总监,广州蔻美化妆品科技有限公司,广州-白云区,50-100万/年,07-25
食堂运营总监,广州市德润餐饮管理有限公司,广州-增城区,1.2-1.5万/月,07-25
新媒体短视频运营总监/经理,广州欧路生物科技有限公司,广州-海珠区,1-1.5万/月,07-25
孵化器园区运营总监,广州瑞辉生物科技股份有限公司,广州-黄埔区,1.2-2万/月,07-25
景区运营总监,晋商联盟（大同）文化旅游有限公司...,异地招聘,1.5-3万/月,07-25
电商运营总监,广州链出行汽车租赁有限公司,广州-番禺区,2-2.5万/月,07-25
电商运营总监,广州五联之星办公耗材有限公司,广州,1-1.5万/月,07-25
运营总监,广州上知建筑装饰设计有限公司,广州-天河区,6-8千/月,07-25
运营总监,广州伊涵文化传媒有限公司,广州-天河区,1-1.5万/月,07-25
运营总监/经理,广东华泰教育科技股份有限公司,广州-黄埔区,1.5-2万/月,07-25
孵化园招商运营总监,广东华孵孵化园管理股份有限公司,广州-增城区,0.5-1万/月,07-25
电商运营总监（女装亿级规模直播带货方向）,泉后（广州）生物科技有限公司,广州-白云区,3-5万/月,07-25
电商运营总监,广州漫仕科技有限公司,广州-白云区,2-3.5万/月,07-25
电商运营总监,佛山市松川机械设备有限公司,异地招聘,1-2万/月,07-25
市场运营总监,佛山市三技精密机械有限公司,异地招聘,30-100万/年,07-25
电商运营总监,广东省伊绅电子科技有限公司,广州-白云区,15-20万/年,07-25
社区运营总监,广州市有车以后信息科技有限公司,广州-海珠区,1-2万/月,07-25
跨境电商运营总监（ebay、亚马逊、速卖通）,广州白头鹰商贸有限公司,广州-荔湾区,20-30万/年,07-25
运营总监,广州米伦医疗管理发展有限公司,广州-海珠区,2-4万/月,07-25
阿里巴巴国际站运营总监,广州美鑫电子有限公司,广州-番禺区,1.5-2万/月,07-25
运营总监（星途整形医院）,广州星途投资运营集团有限公司,广州-天河区,25-45万/年,07-25
电商运营总监,广州市依柏诗生物科技有限公司,广州-天河区,1.5-2.5万/月,07-25
运营总监,蜘点商业网络服务有限公司,广州-天河区,1.5-3万/月,07-25
媒介运营总监,广东欧一控股有限公司,广州-天河区,1.5-2万/月,07-25
高薪急聘中心主管/校长/运营总监,广州市远昕文化发展有限公司,广州-黄埔区,0.8-1.5万/月,07-25
区域运营总监/经理   (年薪15-25万）,广州脉琪体育用品有限公司,广州-增城区,0.6-1万/月,07-25
运营总监,伊比特（广州）医疗美容门诊部有限...,广州-番禺区,1-1.5万/月,07-25
电商运营总监,广东天谋教育科技有限公司,异地招聘,1.5-2万/月,07-25
直播运营总监（25k--50k）,兰舍硅藻新材料有限公司,广州,2.5-5万/月,07-25
运营总监,广东惠丰企业管理股份有限公司,异地招聘,1.5-2万/月,07-25
品牌运营总监,广东正赫文化艺术设计有限公司,广州-海珠区,0.8-1万/月,07-25
电商运营总监,广州开丽科技有限公司,广州,25-35万/年,07-25
采购运营总监,广州市优荟加科技有限公司,广州,20-30万/年,07-25
网络运营总监,广州市艾依格家居制品有限公司,广州-白云区,1.5-3万/月,07-25
亚马逊运营主管/亚马逊运营总监/亚马逊销售组长,广州恒椅贸易有限公司,广州-白云区,0.8-1.5万/月,07-25
直播运营总监,广州快鱼文化传媒有限公司,广州-天河区,1-2万/月,07-25
电商运营总监,广州市纤麦服饰有限公司,广州-番禺区,1-2.5万/月,07-25
自媒体运营总监,广州航美化妆品有限公司,广州-白云区,1.5-2万/月,07-25
矿业运营总监,广东东升实业集团有限公司,广州,40-50万/年,07-25
电商运营总监,广州盒子互联科技有限公司,广州-天河区,2-3万/月,07-25
市场运营总监,广州芭萨生物科技有限公司,广州-白云区,1.5-3万/月,07-25
运营总监（商务经理）,广东华方工程设计有限公司,广州-越秀区,0.8-1万/月,07-25
运营总监,广州市清音诚乐艺术教育有限公司,广州-天河区,1-1.5万/月,07-25
急聘淘宝天猫运营总监,广州市湘亲电子商务有限公司,广州-天河区,0.6-1.5万/月,07-25
直播运营总监,广州市双鸿贸易发展有限公司,广州-越秀区,0.6-1万/月,07-25
运营总监（云南）,广州奕博商贸有限公司,异地招聘,1-1.5万/月,07-25
项目运营总监,广州臻奢品健康管理有限公司,广州-天河区,1-3万/月,07-25
电商运营总监（化妆品）,广州市网红联盟互动传媒有限公司,广州-白云区,1-1.5万/月,07-25
跨境电商运营总监/合伙人,广州纽拓科技有限公司,广州-番禺区,10-20万/年,07-25
天猫运营总监,广州首邦化妆品有限公司,广州-白云区,2.5-5万/月,07-25
电商运营总监,广州市翰雨服饰有限责任公司,广州-白云区,1.5-2万/月,07-25
天猫运营总监（上市集团+急聘）,广州妆点佳人生物科技有限公司,广州-天河区,2-2.5万/月,07-25
白云电商运营总监/经理/主管化妆品/护肤品/彩妆/洗护,广州市硕元电子商务有限公司,广州-白云区,0.8-1万/月,07-25
MCN运营总监,上海箭塔互娱网络科技有限公司,广州,1.5-2.5万/月,07-25
新媒体社群运营总监,广州盛年优学信息科技有限公司,广州,1.2-1.8万/月,07-25
天猫运营总监,广州依露美化妆品有限公司,广州-白云区,1-1.5万/月,07-25
运营总监（连锁餐饮）急聘,广州辣猫餐饮管理有限公司,广州-白云区,1.5-2.5万/月,07-25
电商运营总监,广东宇航人科技发展有限公司,广州-海珠区,1-1.5万/月,07-25
COO运营总监,广州元通电子商务科技有限公司,广州,3-6万/月,07-25
运营总监,广州市花都区稀区艺术培训中心,广州-花都区,1.5-2万/月,07-25
系统品牌运营总监/酒水销售经理,广州市科菲蒂那企业管理服务有限公...,广州-白云区,0.8-1.5万/月,07-25
KA系统运营总监,广州金迈科技有限公司,广州-越秀区,0.8-1.3万/月,07-25
电商运营总监/电商操盘手,广州朗杰商务服务有限公司,广州-天河区,0.8-1万/月,07-25
电商运营总监,仙维娜（广州）化妆品有限公司,广州,1-1.5万/月,07-25
京东运营总监,广州汇飞信息科技有限公司,广州-花都区,1.2-2万/月,07-25
微商运营总监,广东雅倩化妆品有限公司,广州-天河区,2-2.5万/月,07-25
销售运营总监,广州市为众控股有限公司,广州-增城区,2-3万/月,07-25
微商品牌运营总监（天河）,广州向禾生物科技有限公司,广州-天河区,2-2.5万/月,07-25
高薪聘请电商运营总监,广州微��爵商贸有限公司,广州-白云区,1-1.5万/月,07-25
电商运营总监,广州市温碧泉电子商务有限公司,广州-天河区,2-2.5万/月,07-25
电商运营总监 电商运营主管 电商运营专员,广州康氏电子科技有限公司,广州-南沙区,0.6-1.5万/月,07-25
运营总监（化妆品）,广州瑞莉化妆品有限公司,广州-白云区,2-2.5万/月,07-25
电商运营总监,广州奢立贸易有限公司,广州-白云区,2.5-5万/月,07-25
运营总监（跨境电商）,广州户博运动用品有限公司,广州-白云区,2-4万/月,07-25
品牌运营总监,广州恒悦餐饮管理有限公司,广州-白云区,1-1.5万/月,07-25
电商运营总监,秒速商业贸易有限公司,广州-白云区,2-2.5万/月,07-25
医美运营总监,广东伽美汇医疗美容服务有限公司,广州-天河区,3-4万/月,07-25
淘宝运营总监,香港淘吉集团（控股）有限公司,广州-白云区,0.6-1万/月,07-25
电商运营总监,广州红谷皮具有限公司,广州-花都区,30-50万/年,07-25
电商部运营总监,广州市美神健康科技有限公司,广州-荔湾区,1.5-2万/月,07-25
网销运营总监,宝德集团,广州-白云区,20-30万/年,07-25
电商运营总监,贝斯美（广州）生物科技有限公司,广州,1.2-2万/月,07-25
运营总监,广州中投物资科技有限公司,广州-白云区,1-1.5万/月,07-25
天猫运营总监,广州瑜然美化妆品有限公司,广州-白云区,2-2.5万/月,07-25
电商运营总监（项目+分红）,广州市花初见化妆品有限公司,广州-白云区,2.5-3万/月,07-25
跨境电商运营总监（EBAY),广东航品精工科技股份有限公司,异地招聘,1.5-2万/月,07-25
电商运营总监,广州创想新域网络科技有限公司,广州-白云区,2-4万/月,07-25
电商运营总监（编号D1#0511）,广州欧博化妆品有限公司,广州-白云区,1-2万/月,07-25
微商运营总监,广州缦霖生物科技有限公司,广州-番禺区,0.8-1.6万/月,07-25
电催平台运营总监（全国）,大连义霖天诚企业管理咨询有限公司...,异地招聘,10-15万/年,07-25
电子商务总监/电子运营总监,东望洋（江门）食品有限公司,异地招聘,1-1.5万/月,07-25
直播运营总监,广州市云伯汇医疗科技有限公司,广州-白云区,1-1.5万/月,07-25
天猫运营总监（高薪急聘）,广东泰唐纳德酒店用品股份有限公司...,广州-番禺区,1-2万/月,07-25
市场运营总监,广州丽丰化妆品制造有限公司,广州-海珠区,3-4万/月,07-25
亚马逊运营总监,海汇星驰信息科技（广州）有限公司...,广州-天河区,2-2.5万/月,07-25
运营总监,分之道教育网络科技有限公司,广州-天河区,0.8-3万/月,07-25
Amazon西班牙语运营总监,广州华臻源网络科技有限公司,广州-番禺区,0.8-1.5万/月,07-25
电商运营总监,广东芭薇生物科技股份有限公司,广州-白云区,1.5-2万/月,07-25
运营总监,广东高捷航运物流有限公司,广州-白云区,1.5-3万/月,07-25
运营总监,哥弟电商中心,广州-天河区,1-2万/月,07-25
品牌运营总监助理高薪,广州嘉恩传祺营养健康咨询有限公司...,广州-番禺区,5-7千/月,07-25
运营总监/经理,广东韩妃医疗美容医院有限公司,广州-越秀区,1.5-3万/月,07-25
品牌运营总监,广州乾�N家居布艺有限公司,广州-白云区,2-2.5万/月,07-25
运营总监,博纳德集团,广州-天河区,1.8-2.5万/月,07-25
运营总监,广东优冠生物科技有限公司,广州-海珠区,0.8-1.5万/月,07-25
产品运营总监,杭州亦笔科技有限公司,广州-海珠区,1-1.5万/月,07-25
阿里巴巴运营总监+提成,广州碧莲生物科技有限公司,广州-白云区,0.6-1.2万/月,07-25
直播运营总监（花都）,广州市尊浪电器有限公司,广州-花都区,1-2万/月,07-25
新媒体运营总监,广州茗品苑贸易有限公司,广州-番禺区,1-1.5万/月,07-25
运营总监（教育信息化）,广州凯园教育投资有限公司,广州-黄埔区,30-40万/年,07-25
线上运营总监/经理,广州一小时科技有限公司,广州-番禺区,30-50万/年,07-25
运营总监（养生项目）,广州维品生物科技有限公司,广州-白云区,2-5万/月,07-25
运营总监,广东德生科技股份有限公司,广州-天河区,0.7-1万/月,07-25
电商运营总监,广州埃沃定制科技股份有限公司（I...,广州-越秀区,1.2-1.8万/月,07-25
app运营总监,广州格调互联网科技有限公司,广州-白云区,1.5-2万/月,07-25
产品运营总监(高薪+午餐+五险),广州先迈商贸有限公司,广州-天河区,1.8-2.5万/月,07-25
运营总监（连锁/加盟）,百草堂医药股份有限公司,广州,1-1.5万/月,07-25
产品运营/运营总监,广州微分子信息科技有限公司,广州-天河区,1.2-2.5万/月,07-25
运营总监（教育信息化,广州凯园软件科技有限公司,广州-黄埔区,29.9-30万/年,07-25
产业园地产招商运营总监,广州市佛伦斯服饰有限公司,广州-黄埔区,1-1.5万/月,07-25
会所运营总监,广州嘉懿企业管理顾问有限公司,广州-海珠区,0.6-1万/月,07-25
连锁运营总监,何氏蹦蹦鱼（广州）生态渔业开发有...,广州-天河区,1.5-2万/月,07-25
直播运营总监,广州圣兴投资有限公司,广州,1.5-2万/月,07-25
运营总监、品牌策划总监,广东纬昊科技有限公司,广州,1.2-2万/月,07-25
品牌运营总监,广州铂威信息科技有限公司,广州-天河区,1-1.5万/月,07-25
市场运营总监,广东医谷产业园投资管理股份有限公...,广州-南沙区,1.5-2.5万/月,07-25
电商运营总监（双休）,广州杨丽萍电子商务有限公司,广州-荔湾区,2-2.5万/月,07-25
运营总监,广州全时四驱信息科技有限公司,广州-番禺区,1.5-3万/月,07-25
电商直播运营总监/经理,广东灵机文化传播有限公司,广州-天河区,2-3.5万/月,07-25
运营总监（泰伦）,广州海天塑胶有限公司,广州-花都区,1-1.5万/月,07-25
运营总监（COO）,广州顶点思维教育科技有限公司,广州-番禺区,1-1.5万/月,07-25
运营总监,广州优作科技有限公司,广州-海珠区,0.8-1.5万/月,07-25
康养项目运营总监,广东坤银投资管理集团有限公司,广州-从化区,2-4万/月,07-25
亚马逊运营总监,广州新灏家居用品有限公司,广州-番禺区,2-3万/月,07-25
电商部运营总监,深圳市恒通和贸易有限公司,广州-海珠区,0.8-2.5万/月,07-25
市场运营总监（英语）,广州斯路森商务服务有限公司,广州-越秀区,6-8千/月,07-25
运营总监,信基集团有限公司,广州-番禺区,2.5-3万/月,07-25
医疗互联网运营总监,壹链网（广州）云科技有限公司,广州-番禺区,1.5-2.5万/月,07-25
阿里巴巴运营总监（高分红）,广州发于丝贸易有限公司,广州-白云区,0.6-2万/月,07-25
运营总监（英文流利）,GTG Visa,广州-天河区,20-30万/年,07-25
集团运营总监,能高共建(中国)集团,广州-海珠区,1.5-2万/月,07-25
运营总监（有教育行业经验者优先）,广州市罗诚电子有限公司,广州-番禺区,1-1.5万/月,07-24
酒店运营总监,奥园集团（英德）有限公司英德旅游...,异地招聘,2-3万/月,07-24
团餐运营总监,广州长运冷链服务有限公司,广州-天河区,1-2万/月,07-24
直播运营总监,广州澳华生物科技有限公司,广州-白云区,1.5-3万/月,07-24
手游运营总监,广州乐牛软件科技有限公司,广州-天河区,2.5-3.5万/月,07-24
运营总监助理,广州市链家房地产代理有限公司,广州-白云区,6-8千/月,07-24
线上运营总监,广东全优加教育发展有限公司,广州-海珠区,2-2.5万/月,07-24
仓储运营总监,广州农产国际供应链有限公司,广州-天河区,1.2-1.5万/月,07-24
市场运营总监,广东前泷科技有限公司,广州-天河区,1-1.2万/月,07-24
天猫运营经理/天猫店长/天猫运营总监,广州闪闪互联品牌管理有限公司,广州-海珠区,15-35万/年,07-24
天猫运营总监,广东环奥文化投资有限公司,广州-天河区,1.2-2万/月,07-24
跨境电商运营总监/合伙人,广州天玺首饰有限公司,广州-番禺区,0.8-1.5万/月,07-24
孵化器运营总监,广州尚思传媒科技股份有限公司,广州-越秀区,0.7-1万/月,07-24
团餐运营总监（科学城）,广东中膳健康产业科技有限公司,广州-黄埔区,20-30万/年,07-24
品牌运营总监,广州蓝之天化工科技发展有限公司,广州-白云区,1-1.5万/月,07-24
公盘运营总监,易居（中国）营销集团・广东区域,广州,0.8-2.5万/月,07-24
微商运营总监,广州玛迪珈生物技术有限公司,广州-白云区,1-2万/月,07-24
电商运营总监（彩妆）,广州伊丝诺化妆品有限公司,广州-白云区,30-50万/年,07-24
物流园项目筹备运营总监,广州市特发有限公司,广州-南沙区,1-1.5万/月,07-24
国际运营总监,广州熙彬贸易有限公司,广州-天河区,25-30万/年,07-24
新媒体运营总监,广州扶元保健器材有限公司,广州-花都区,1-3万/月,07-24
渠道运营总监,广州方圆地产顾问有限公司,广州-天河区,1.5-2万/月,07-24
mcn运营总监,广东无边界投资有限公司,广州-白云区,2.5-3万/月,07-24
运营总监,广州易道企业管理顾问有限公司,广州-海珠区,1-1.5万/月,07-24
社群运营总监（双休）,广州诗蒂兰化妆品有限公司,广州-番禺区,1-1.5万/月,07-24
运营总监（酒管公司）,佛山市顺德佛奥集团有限公司,广州,2-3万/月,07-24
电商运营总监,广东能量堡垒制药有限公司,广州-黄埔区,1-2万/月,07-24
运营总监（拼多多项目负责人）,广州朵澜生物科技有限公司,广州-白云区,1-3万/月,07-24
运营总监（提供住宿+项目分成奖励+股份分红）,微道（广东）有限公司,广州-天河区,2-5万/月,07-24
游戏发行运营总监,广州侠客行文化传播有限公司,广州-天河区,3-4万/月,07-24
新零售运营总监,广州诺诗睡眠科技有限公司,广州-花都区,30-40万/年,07-24
运营总监,广州浦资国际贸易有限公司,广州-天河区,2-5万/月,07-24
大区运营总监,广州五六巴巴信息科技有限公司,广州-白云区,1.5-2.5万/月,07-24
市场运营总监助理（全职实习）,广州市得乐教育信息咨询有限公司,广州-海珠区,4.5-6千/月,07-24
融资运营总监,广州创品知识产权服务有限公司,广州-天河区,40-60万/年,07-24
运营总监,广东百盈花园房地产开发有限公司,异地招聘,20-30万/年,07-24
亚马逊运营总监,广州市康臣汽车电子有限公司,广州,1-1.5万/月,07-24
产业招商运营总监（文旅方向）,广州绿地房地产开发有限公司,广州-白云区,40-60万/年,07-24
新媒体运营/自媒体运营总监,广东金刚美业科技有限公司,广州-越秀区,2-3万/月,07-24
医美运营总监（Base：杭州）,广州爱杰人力资源服务有限公司,异地招聘,30-50万/年,07-24
电商运营总监,广州市兰�q斯贸易有限公司,广州-白云区,1.5-3万/月,07-24
运营总监（社交直播电商平台）,广州马蚁科技有限公司,广州-番禺区,2-2.5万/月,07-24
运营总监,深圳市若昕科技有限公司,广州-海珠区,2.6-4.5万/月,07-24
总经理/运营总监/经营院长,广州健丽科技投资有限公司,广州-海珠区,2.5-3万/月,07-24
运营总监,广州美滴滴信息科技有限公司,广州-越秀区,1.2-2万/月,07-24
电商运营总监,广州市银岭小额贷款有限公司,广州-海珠区,2-2.5万/月,07-24
线上业务运营总监,广东槊精实业有限公司,广州-天河区,10-15万/年,07-24
运营总监,珠海横琴博实乐管理咨询有限公司,广州-增城区,2.5-4万/月,07-24
运营总监（非电商）,广州力控元海信息科技有限公司,广州-天河区,27-30万/年,07-24
网站运营总监（急聘）,广州开心蚂蚁影视文化传媒有限公司...,广州-海珠区,1.5-2万/月,07-24
数据运营总监,广东钛马车联网信息科技有限公司,广州-天河区,1.5-2.5万/月,07-24
电商运营总监,广州她祺服装贸易有限公司,广州-海珠区,2-2.5万/月,07-24
自媒体知视频IP运营总监,广东黄金铺集团有限公司,广州-天河区,1-1.5万/月,07-24
市场运营总监,慧妮（国际）美容机构,广州-越秀区,1-2万/月,07-24
招商营运总监/招商运营总监,深圳市实正共盈商业经营管理有限公...,异地招聘,2-2.5万/月,07-24
平台运营总监,广东博宏药业有限公司,广州-番禺区,1.3-1.5万/月,07-24
产业招商运营总监,中创孵化器发展有限公司,广州-黄埔区,2-2.5万/月,07-24
运营总经理/运营总监（太古仓）,广州市君尧投资有限公司,广州-海珠区,1.5-3万/月,07-24
亚马逊欧美站运营总监（代招）,广州裕顺贸易有限公司,广州-海珠区,1.5-2.5万/月,07-24
运营总监,源恒税务师事务所有限公司,广州-天河区,1-1.5万/月,07-24
运营总监,广州逆火电子商务有限公司,广州-越秀区,1-2万/月,07-24
品牌运营总监,广州市珠江饼业食品有限公司,广州-番禺区,1-1.5万/月,07-24
电商运营总监,广州环朝科技有限公司,广州-天河区,2-3万/月,07-24
新媒体运营总监,广州若羽臣科技股份有限公司,广州,30-45万/年,07-24
电商运营总监,广州小影软件科技有限公司,广州-番禺区,0.8-1.6万/月,07-24
电商运营总监,名门闺秀化妆品公司,广州-天河区,2-2.5万/月,07-24
少儿教育+中心校长/运营总监+年薪30W-50W+股权激励,童程童美教育集团,广州-天河区,30-40万/年,07-24
电商运营总监,中山市银轩服饰有限公司,广州-越秀区,0.6-1.2万/月,07-24
运营总监（美妆）,凯睿管理咨询（广州）有限公司,广州,1.5-2万/月,07-24
运营总监,广州市喜洋物流有限公司,广州-越秀区,2-2.5万/月,07-24
电商运营总监（日化）,广州大白生物科技有限公司,广州-海珠区,3-4万/月,07-24
运营总监（大健康方向）,广州大业房地产开发有限公司,广州-天河区,2-2.5万/月,07-24
运营总监（线上渠道）,广州市安发网络科技有限公司,广州-天河区,2-3万/月,07-24
运营总监,广东安华美博文化旅游发展有限公司...,广州-白云区,2-2.5万/月,07-24
商业运营总监,广东安华美博置业集团有限公司,广州-白云区,2-2.5万/月,07-24
电商运营总监,广州润峰婴儿用品有限公司,广州-天河区,30-50万/年,07-24
招商运营总监,广州珠光实业集团有限公司,广州-天河区,2.5-3万/月,07-24
产业园运营总监/经理,佛山宇能创富投资有限公司,异地招聘,1-2万/月,07-24
运营总监助理（7-10K急招),广州市学晟惠信息科技有限公司,广州-番禺区,0.7-1万/月,07-24
互联网运营总监,广州品硕教育发展有限公司,广州-天河区,2-3万/月,07-24
产品运营总监,北京公瑾科技有限公司广州分公司（...,广州-天河区,2.5-3万/月,07-24
拼多多运营总监/经理,广州晟美个人护理用品有限公司,广州,30-50万/年,07-24
运营总监,广州市九尊数娱科技发展有限公司,广州,1.2-2万/月,07-24
抖音运营总监,广州米娜凯威教育有限公司,广州-天河区,2-5万/月,07-24
运营总监/经理,珠海达人网络科技有限公司,广州-天河区,2-3万/月,07-24
电商运营总监,广东星外星文化传播有限公司,广州-天河区,1-1.5万/月,07-24
运营总监（无责任底薪3万）,中企动力科技股份有限公司广州分公...,广州-越秀区,3-3.5万/月,07-24
社交媒体运营总监,广州市圣莎拉化妆品有限公司,广州,0.6-1万/月,07-24
运营总监/运营主管,广州云移信息科技有限公司,广州-天河区,1.5-3万/月,07-24
电商运营总监,广州现代创新智能电器有限公司,广州-白云区,1.5-2万/月,07-24
MCN运营总监,广州昂泰国际贸易有限公司,广州,2.5-3万/月,07-24
国内电商事业部负责人/电商运营总监,广州爆米科技有限公司,广州-白云区,1.5-2万/月,07-24
运营总监,珠海玛卡维贸易有限公司,异地招聘,1.5-2.5万/月,07-24
运营总监,广州乐添生物科技有限公司,广州-白云区,1-2万/月,07-24
电商运营总监,广州妆盟电子商务有限公司,广州-海珠区,2-3万/月,07-24
运营总监,优象文化（广州）有限公司,广州-番禺区,2-3万/月,07-24
运营总监,广州万饰发电子商务有限公司,广州-天河区,2-3万/月,07-24
战略运营总监,广州与至服装有限公司,广州-海珠区,3-5万/月,07-24
运营总监,广东联塑科技实业有限公司,广州,2-4万/月,07-24
品牌运营总监,广州巴伽娱乐传媒有限公司,广州-白云区,1-5万/月,07-24
运营总监助理,TCDI创思国际建筑师事务所,广州-海珠区,0.7-1万/月,07-24
网站运营总监（地点：浙江义乌）,义乌市盈云科技有限公司,异地招聘,20-30万/年,07-24
美业运营总监(CBD办公+高薪),广州市碧露凯琳美容咨询有限公司,广州-番禺区,2-2.5万/月,07-24
销售运营总监,广州三品三投资有限公司,广州-增城区,0.8-1万/月,07-24
电商运营总监,广东十记果业有限公司,广州-天河区,1-1.5万/月,07-24
运营总监,广州市洲际物业管理有限公司,广州-天河区,1.5-2万/月,07-24
电商运营总监/经理,启泰健康药业连锁有限公司,广州-荔湾区,1.5-2万/月,07-24
运营总监（高层管理）,广东车海洋环保科技有限公司,广州-海珠区,1.5-2万/月,07-24
市场运营总监,广州三介网络科技有限公司,广州-番禺区,0.8-1万/月,07-24
项目运营总监,博为国际咨询集团,广州-越秀区,1-2万/月,07-24
互联网直播运营总监,广州云策投资顾问有限公司,广州-番禺区,40-50万/年,07-24
电商运营总监,广州康宏科技股份有限公司,广州-天河区,1.2-2.5万/月,07-24
平台运营总监,广州千千氏工艺品有限公司,广州-番禺区,2-4万/月,07-24
社交电商（私域）运营总监/经理,植美村,广州-天河区,1.2-2万/月,07-24
直播运营总监,广州云客文化传媒有限公司,广州-天河区,30-40万/年,07-24
电商运营总监（美妆个护）,广州妮趣化妆品有限公司,广州-越秀区,30-50万/年,07-24
运营总监（三方物流）,上海宝供公路快运有限公司,广州,2-2.5万/月,07-24
电商运营总监,广州时尚之家企业服务有限公司,广州-花都区,0.8-1万/月,07-24
区域销售总监/运营总监,广州思比乐教育信息咨询有限公司,广州-海珠区,2-2.5万/月,07-24
直播运营总监,广州赫柏传媒广告有限公司,广州-番禺区,0.7-1万/月,07-24
MCN运营总监,广州六三产业运营管理有限公司,广州-越秀区,2-3万/月,07-24
品牌运营总监,北京中科艾美文化发展有限公司,广州-海珠区,1.5-2万/月,07-24
DL电商运营总监  （化妆品）,广州优植生物科技有限公司,广州-天河区,1.6-3.2万/月,07-24
官方电商运营总监,广州温雅日用化妆品有限公司,广州-黄埔区,2-6万/月,07-24
运营总监,广东求学圆梦网络科技有限公司,广州-越秀区,1.4-1.6万/月,07-24
新零售运营总监,广州��悦医疗科技有限公司,广州-番禺区,1.5-5万/月,07-24
运营总监/经理,广州华翰教育科技有限公司,广州,1-1.5万/月,07-24
运营总监,海伦堡中国控股,广州-番禺区,2.5-3万/月,07-24
直播运营总监兼CMO助理,广州和翊电子商务有限公司,广州-白云区,2-4万/月,07-24
短彩运营总监,广州精准分众大数据技术有限公司,广州-天河区,1-2.5万/月,07-24
连锁运营总监,广州美云美服科技有限公司,广州-越秀区,30-50万/年,07-24
汽配销售运营总监,广州市滤之圣过滤器制造有限公司,广州-白云区,1-1.5万/月,07-24
运营总监（互联网医院）,广州好大夫医疗科技集团有限公司,广州-天河区,1.5-4万/月,07-24
网络运营总监,广州市世纪兆业经济发展有限公司,广州-海珠区,1.5-2万/月,07-24
品牌运营总监,广州易健科技有限公司,广州-黄埔区,2-2.5万/月,07-24
运营总监,广东比比酷教育科技发展有限公司,异地招聘,0.8-1.5万/月,07-24
运营总监,深圳市讯得达教育发展有限公司,广州-荔湾区,1.8-2.5万/月,07-24
电销运营总监,广州盛华信息有限公司,广州-白云区,1-2万/月,07-24
运营总监,广东中人世纪网络技术有限公司,广州-天河区,1.5-2万/月,07-24
直播运营总监,广州火星文化传播有限公司,广州-白云区,1-1.5万/月,07-24
运营总监（互联网方向）,广州亦云信息技术股份有限公司,广州,2.5-3万/月,07-24
运营总监,明领科金控股,广州,1.5-2万/月,07-24
电商运营总监,上海萌思数据科技有限公司,广州-番禺区,30-50万/年,07-24
电商运营总监,广州希海生物科技有限公司,广州-番禺区,1.8-2.5万/月,07-24
电商运营总监（杭州上班）,广州炒米信息科技有限公司,广州-黄埔区,1.5-2.5万/月,07-24
天猫运营总监（急聘）,广州安伴佳商贸有限公司,广州-荔湾区,1.5-2.5万/月,07-24
新媒体运营总监,广东高骏文化传媒有限公司,广州-天河区,1.5-2万/月,07-24
游戏发行运营总监/经理,广东�N格传媒股份有限公司,广州-天河区,1.2-2.5万/月,07-24
新零售运营总监,广州大气候农业科技有限公司,广州-天河区,2-2.5万/月,07-24
运营总监,广州天泓室内设计有限公司,广州-天河区,1-2.3万/月,07-24
电商运营总监,广州市快马健康科技有限公司,广州-荔湾区,1.5-3万/月,07-24
酒店运营总监,广东华盛投资集团有限公司,广州,1-2万/月,07-24
线上平台运营总监,广州市泽普企业管理咨询有限公司,广州-海珠区,0.6-1万/月,07-24
社群运营总监（双休+五险一金）,广州市零码汇信息科技有限公司,广州-荔湾区,2.5-3万/月,07-24
运营总监（f副总）/经理,广州路派电子科技有限公司,广州,1-1.5万/月,07-24
电商运营总监,广东天石控股集团有限公司,广州-海珠区,1-1.5万/月,07-24
淘宝直播运营总监,广州爱浅食科技有限公司,广州-海珠区,1-2.5万/月,07-24
社交新零售运营总监,广州李阳麦克思电子科技有限公司,广州-白云区,1-1.5万/月,07-24
社交新零售运营总监,广东洪正电子商务有限公司,广州-天河区,1.5-2万/月,07-24
运营总监,广州市三三一信息科技有限公司,广州-天河区,1.2-2万/月,07-24
运营总监,德硅（上海）建筑装饰材料贸易有限...,广州,24-36万/年,07-24
电商运营总监,广州市梵者箱包有限公司,广州-花都区,1.5-2万/月,07-24
高级运营总监,广州数字魔方网络科技有限公司,广州-天河区,2-5万/月,07-24
运营总监,广州天银物业管理有限公司,广州-天河区,1-1.5万/月,07-24
运营总监,广州升龙投资有限公司,广州-天河区,3.5-5万/月,07-24
团餐运营总监,广州多满分食品有限公司,广州-天河区,1-1.5万/月,07-24
平台运营总监,广州洛克韦陀安防科技有限公司,广州-天河区,1-3万/月,07-24
直播运营总监,深圳市对庄科技有限公司,广州-荔湾区,3-5万/月,07-24
Operation Director运营总监,广州爱莎外籍人员子女学校,广州,30-60万/年,07-24
电商运营总监,广州市必奥生物科技有限公司,广州-海珠区,15-20万/年,07-24
运营总监,王氏国信城网科技（珠海）有限公司...,异地招聘,6-8千/月,07-24
客服运营总监,广州市伟粤通讯设备有限公司,广州-天河区,0.7-1.2万/月,07-24
工程运营总监,广州市华以泰地产集团有限公司,广州-天河区,2.5-3万/月,07-24
新媒体运营总监,广州市动漫艺术家协会,广州-越秀区,1.5-3万/月,07-24
运营总监,广州沁缘果美食品有限公司,广州-花都区,6-7千/月,07-24
运营总监,广州佳创信息技术有限公司,广州-海珠区,2-3.5万/月,07-24
高薪直播运营总监,广州欧曼娜化妆品有限公司,广州-白云区,0.8-1.5万/月,07-24
海外运营总监,广州市锐酷信息科技有限公司,广州-天河区,1.5-2.5万/月,07-24
修缮事业部运营总监,广州市鲁班建筑科技集团股份有限公...,异地招聘,0.6-1.5万/月,07-24
高薪市场运营总监,广东德立教育有限公司,广州-天河区,0.8-1万/月,07-24
招商运营总监,风尚商业经营管理（广州）有限公司...,异地招聘,30-40万/年,07-24
区域运营总监,广州卓腾科技有限公司,广州-天河区,1-1.5万/月,07-24
运营总监,壹粒谷仓食品（广州）有限公司,异地招聘,2-3万/月,07-24
平台运营总监，首席运营官COO,广州搜料信息技术有限公司,广州,0.8-4万/月,07-24
新媒体运营总监,广州悦洋出入境服务有限公司,广州-天河区,0.8-1.5万/月,07-24
运营总监,康芝药业股份有限公司,广州,24-40万/年,07-24
内容运营总监,广东康景物业服务有限公司,广州-海珠区,2-3万/月,07-24
电商运营总监,广州淇鑫科技有限公司,广州-荔湾区,2-3万/月,07-24
短视频运营总监,广东丸美生物技术股份有限公司,广州,1-1.5万/月,07-24
项目运营总监,广东中兴绿丰发展有限公司,异地招聘,0.8-3万/月,07-24
运营总监,巨石（上海）啤酒有限公司,异地招聘,2-2.5万/月,07-24
医学中心运营总监,广州卫视博生物科技有限公司,广州-南沙区,1.5-2万/月,07-24
电商运营总监,优思佳宠物食品（广东）有限公司,广州-越秀区,1.6-2.5万/月,07-24
线上推广运营总监,广州国佑致远文化发展有限责任公司...,广州-越秀区,0.5-1.5万/月,07-24
运营总监,广州中山大学科技园有限公司,广州-海珠区,1-1.5万/月,07-24
自媒体运营总监,广州无与伦比企业集团有限公司,广州-番禺区,1.5-2.5万/月,07-24
运营总监/区域总经理（全国外派）,深圳百果园实业（集团）股份有限公...,广州-白云区,3.5-6万/月,07-24
生产运营总监,上海元通座椅系统有限公司,广州-黄埔区,1.5-2万/月,07-24
平台运营总监,广州三社人力资源有限公司番禺分公...,广州-天河区,1-3万/月,07-24
公寓运营总监,广州宝盛投资控股有限公司,广州-增城区,1-1.8万/月,07-24
市场运营总监,广东携众建筑咨询服务有限公司,广州-天河区,2.5-4万/月,07-24
跨境电商运营总监,广东亚太天能科技股份有限公司,广州-番禺区,2-3万/月,07-24
跨境运营总监,广州谷雨生物科技有限公司,广州-天河区,2-3.5万/月,07-24
运营总监（5G滤波器）,广东粤港澳大湾区国家纳米科技创新...,广州-黄埔区,3.5-5万/月,07-24
APP运营总监,广东寰誉建筑咨询有限公司,广州-天河区,2-5万/月,07-24
电商运营总监,广州毅可贸易有限公司,广州-番禺区,30-40万/年,07-24
运营总监,国际私塾,广州-天河区,3-5万/月,07-24
市场运营总监,广州虹猫蓝兔动漫科技有限公司,广州-番禺区,1.5-2万/月,07-24
运营总监/副总监（物业方向）,奥联物业股份有限公司,广州-海珠区,0.8-1.5万/月,07-24
运营总监+花都区+提供食宿,广东柏俐臣生物科技有限公司,广州-花都区,1-1.5万/月,07-24
电商运营总监/经理,广州市香雪制药股份有限公司,广州-黄埔区,1-1.5万/月,07-24
运营总监（全国知名摄影服务品牌）,才星（广州）科技服务有限公司,广州-天河区,1-3万/月,07-24
运营总监,广州佰乐厨神餐饮有限公司,广州-越秀区,2-2.5万/月,07-24
直播运营总监（美妆）,膜法世家,广州,30-40万/年,07-24
挖机租赁运营总监,徐工集团挖掘机械,广州,30-50万/年,07-24
运营总监,上海汇旌资产管理有限公司,异地招聘,40-50万/年,07-24
运营总监,39健康网,广州,3-5万/月,07-24
运营总监（餐饮方向）,正佳企业集团有限公司,广州,1-1.5万/月,07-24
互联网销售运营总监,中国中药控股有限公司营销中心,异地招聘,30-60万/年,07-24
运营总监/经理,广州市华标科技发展有限公司,广州-黄埔区,20-30万/年,07-24
运营总监,广州育婴氏生物科技有限公司,广州-白云区,1-1.5万/月,07-24
营销创意总监/品牌运营总监,广东大象广告有限公司,广州-天河区,20-30万/年,07-24
民营线运营总监,深圳市科曼医疗设备有限公司,广州,1-1.5万/月,07-24
亚马逊运营总监,佛山市迪赛纳科技有限公司,异地招聘,0.8-2万/月,07-24
运营总监,广东美速健康科技有限公司,广州-花都区,1.5-2万/月,07-24
经营中心 总监/运营总监,广东银浩智能技术有限公司,广州-天河区,1-1.5万/月,07-24
房地产运营总监,广东天润置业集团有限公司,异地招聘,40-50万/年,07-24
运营总监（底薪+提成）,肠乐爽生物科技（广州）有限公司,广州-天河区,0.5-1.5万/月,07-24
平台运营总监,海南君莱药业有限公司,广州,20-30万/年,07-24
电商运营总监,华胜连锁（奔宝奥豪华车专修）,广州-天河区,4-6万/月,07-24
品牌运营总监,广州意筑服饰有限公司,广州-白云区,1.5-2万/月,07-24
新零售运营总监,广州衡必康信息科技有限公司,广州-番禺区,0.8-1万/月,07-24
运营总监助理,广州易达包装设备有限公司,广州-黄埔区,0.8-1万/月,07-24
新零售运营总监,广州卡士德汽车用品有限公司,广州-增城区,1.2-3万/月,07-24
电商运营总监,广州爱儿健婴童用品有限公司,广州-番禺区,1.2-1.6万/月,07-24
运营总监,广州宝生堂化妆品有限公司,广州-白云区,30-40万/年,07-24
产业园区运营总监,中惠集团,广州-天河区,3-4万/月,07-24
品牌运营总监,广州天盈商务服务有限公司,广州-从化区,1-2万/月,07-24
运营总监,广州派瑞餐饮管理有限公司,广州-越秀区,2-4万/月,07-24
运营总监,四川物联亿达科技有限公司,广州,1.2-2.4万/月,07-24
用户运营总监,北京汇聚满意科技有限公司,广州-天河区,2-2.5万/月,07-24
新媒体运营总监,广州众睿广告传媒有限公司,广州-越秀区,3-4万/月,07-24
电商运营总监,广州抖商国际贸易有限公司,广州-白云区,3-4万/月,07-24
运营总监,广东长通实业有限公司,广州-越秀区,1.5-2万/月,07-24
信息运营总监,广州市例外服饰有限公司,广州-海珠区,2.5-3.5万/月,07-24
营销/运营总监,一锦坊实业有限公司,广州-天河区,2-2.5万/月,07-24
商学院运营总监,广东诚安信会计师事务所有限公司,广州-天河区,20-30万/年,07-24
新事业部运营总监,广州市康健基因科技有限公司,广州,1-2万/月,07-23
运营总监,广州市添美悦网络科技有限公司,广州-荔湾区,2-4万/月,07-23
市场运营总监,广州市聚焦教育咨询有限公司,广州-花都区,6-8千/月,07-23
运营总监,广州玺佑健康产业有限公司,异地招聘,20-30万/年,07-23
天猫运营总监（项目合伙人）,广州时时美贸易有限公司,广州-白云区,1-2万/月,07-23
商业运营总监（商业地产）,雄峰集团,广州-番禺区,1.5-2万/月,07-23
运营总监,广东眼管家医疗有限责任公司,广州-海珠区,1.5-2万/月,07-23
电商运营总监,广东郑明明化妆品科技有限公司,广州-白云区,1.2-2.5万/月,07-23
天猫运营总监,广州华研文化传播有限公司,广州-天河区,30-50万/年,07-23
跨境电商推广运营总监,东莞市舒展制衣有限公司,异地招聘,1-1.5万/月,07-23
天猫运营总监,广州市欧佩化妆品有限公司,广州-白云区,2-4万/月,07-23
电商运营总监（京东自营2B）,兰雀国际控股有限公司,广州-天河区,2.5-4万/月,07-23
服装类目运营总监,万宝盛华企业管理咨询（上海）有限...,广州-海珠区,3-4万/月,07-23
COO运营总监,广州顺立得健康科技有限公司,广州-番禺区,1.8-2.8万/月,07-23
社群运营总监,小脉科技（广东）有限公司,广州-海珠区,1.5-2万/月,07-23
平台运营总监,广东三维家信息科技有限公司,广州-天河区,2.5-4万/月,07-23
